org_id,doc_id
d5da5221-53c2-4134-b20b-7fc49db112ef,6531437a0e0255000101d8b0
d5da5221-53c2-4134-b20b-7fc49db112ef,653144e10e0255000101d8b1
d5da5221-53c2-4134-b20b-7fc49db112ef,653144e50e0255000101d8b2
d5da5221-53c2-4134-b20b-7fc49db112ef,653144f70e0255000101d8b3
d5da5221-53c2-4134-b20b-7fc49db112ef,653146340e0255000101d8b4
d5da5221-53c2-4134-b20b-7fc49db112ef,6531437a0e0255000101d8b0
d5da5221-53c2-4134-b20b-7fc49db112ef,653144e10e0255000101d8b1
d5da5221-53c2-4134-b20b-7fc49db112ef,653144e50e0255000101d8b2
d5da5221-53c2-4134-b20b-7fc49db112ef,653144f70e0255000101d8b3
d5da5221-53c2-4134-b20b-7fc49db112ef,653146340e0255000101d8b4
d5da5221-53c2-4134-b20b-7fc49db112ef,6531485e0e0255000101d8b6
d5da5221-53c2-4134-b20b-7fc49db112ef,6531485e0e0255000101d8b5
d5da5221-53c2-4134-b20b-7fc49db112ef,653148670e0255000101d8b7
d5da5221-53c2-4134-b20b-7fc49db112ef,653148f00e0255000101d8b8
d5da5221-53c2-4134-b20b-7fc49db112ef,65314bad0e0255000101d8b9
d5da5221-53c2-4134-b20b-7fc49db112ef,65314be30e0255000101d8ba
d5da5221-53c2-4134-b20b-7fc49db112ef,65314be70e0255000101d8bb
d5da5221-53c2-4134-b20b-7fc49db112ef,65314bf70e0255000101d8bc
d5da5221-53c2-4134-b20b-7fc49db112ef,65314e6a0e0255000101d8bd
d5da5221-53c2-4134-b20b-7fc49db112ef,65314f640e0255000101d8be
d5da5221-53c2-4134-b20b-7fc49db112ef,65314be70e0255000101d8bb
d5da5221-53c2-4134-b20b-7fc49db112ef,65314bf70e0255000101d8bc
d5da5221-53c2-4134-b20b-7fc49db112ef,65314e6a0e0255000101d8bd
d5da5221-53c2-4134-b20b-7fc49db112ef,65314f640e0255000101d8be
d5da5221-53c2-4134-b20b-7fc49db112ef,65314f8a0e0255000101d8bf
d5da5221-53c2-4134-b20b-7fc49db112ef,65314f980e0255000101d8c0
d5da5221-53c2-4134-b20b-7fc49db112ef,653151270e0255000101d8c1
d5da5221-53c2-4134-b20b-7fc49db112ef,653152e90e0255000101d8c2
d5da5221-53c2-4134-b20b-7fc49db112ef,6531530d0e0255000101d8c3
d5da5221-53c2-4134-b20b-7fc49db112ef,65314be70e0255000101d8bb
d5da5221-53c2-4134-b20b-7fc49db112ef,65314bf70e0255000101d8bc
d5da5221-53c2-4134-b20b-7fc49db112ef,65314e6a0e0255000101d8bd
d5da5221-53c2-4134-b20b-7fc49db112ef,65314f640e0255000101d8be
d5da5221-53c2-4134-b20b-7fc49db112ef,65314f8a0e0255000101d8bf
d5da5221-53c2-4134-b20b-7fc49db112ef,65314f980e0255000101d8c0
d5da5221-53c2-4134-b20b-7fc49db112ef,653151270e0255000101d8c1
d5da5221-53c2-4134-b20b-7fc49db112ef,653152e90e0255000101d8c2
d5da5221-53c2-4134-b20b-7fc49db112ef,6531530d0e0255000101d8c3
d5da5221-53c2-4134-b20b-7fc49db112ef,653153100e0255000101d8c4
d5da5221-53c2-4134-b20b-7fc49db112ef,653153100e0255000101d8c4
d5da5221-53c2-4134-b20b-7fc49db112ef,653153e40e0255000101d8c5
d5da5221-53c2-4134-b20b-7fc49db112ef,653156790e0255000101d8c6
d5da5221-53c2-4134-b20b-7fc49db112ef,6531567d0e0255000101d8c7
d5da5221-53c2-4134-b20b-7fc49db112ef,6531567d0e0255000101d8c8
d5da5221-53c2-4134-b20b-7fc49db112ef,653156a00e0255000101d8c9
d5da5221-53c2-4134-b20b-7fc49db112ef,6531595b0e0255000101d8ca
d5da5221-53c2-4134-b20b-7fc49db112ef,65315a020e0255000101d8cb
d5da5221-53c2-4134-b20b-7fc49db112ef,653153100e0255000101d8c4
d5da5221-53c2-4134-b20b-7fc49db112ef,653153e40e0255000101d8c5
d5da5221-53c2-4134-b20b-7fc49db112ef,653156790e0255000101d8c6
d5da5221-53c2-4134-b20b-7fc49db112ef,6531567d0e0255000101d8c7
d5da5221-53c2-4134-b20b-7fc49db112ef,6531567d0e0255000101d8c8
d5da5221-53c2-4134-b20b-7fc49db112ef,65315a060e0255000101d8cd
d5da5221-53c2-4134-b20b-7fc49db112ef,65315a060e0255000101d8cc
d5da5221-53c2-4134-b20b-7fc49db112ef,65315c170e0255000101d8ce
d5da5221-53c2-4134-b20b-7fc49db112ef,65315d8b0e0255000101d8cf
d5da5221-53c2-4134-b20b-7fc49db112ef,65315d900e0255000101d8d0
d5da5221-53c2-4134-b20b-7fc49db112ef,65315d910e0255000101d8d1
79d5e574-3186-4b8d-a7ff-3c797bcf0740,65315e870e0255000101d8d2
d5da5221-53c2-4134-b20b-7fc49db112ef,65315ed30e0255000101d8d3
d5da5221-53c2-4134-b20b-7fc49db112ef,653161040e0255000101d8d4
d5da5221-53c2-4134-b20b-7fc49db112ef,653161090e0255000101d8d5
d5da5221-53c2-4134-b20b-7fc49db112ef,6531610f0e0255000101d8d6
d5da5221-53c2-4134-b20b-7fc49db112ef,653161900e0255000101d8d7
d5da5221-53c2-4134-b20b-7fc49db112ef,653164500e0255000101d8d8
d5da5221-53c2-4134-b20b-7fc49db112ef,653164850e0255000101d8da
d5da5221-53c2-4134-b20b-7fc49db112ef,653164850e0255000101d8d9
d5da5221-53c2-4134-b20b-7fc49db112ef,653164870e0255000101d8db
d5da5221-53c2-4134-b20b-7fc49db112ef,6531670c0e0255000101d8dc
d5da5221-53c2-4134-b20b-7fc49db112ef,653168080e0255000101d8dd
d5da5221-53c2-4134-b20b-7fc49db112ef,6531681a0e0255000101d8de
d5da5221-53c2-4134-b20b-7fc49db112ef,6531684b0e0255000101d8df
d5da5221-53c2-4134-b20b-7fc49db112ef,653169c70e0255000101d8e0
d5da5221-53c2-4134-b20b-7fc49db112ef,65316b940e0255000101d8e1
d5da5221-53c2-4134-b20b-7fc49db112ef,65316b950e0255000101d8e2
d5da5221-53c2-4134-b20b-7fc49db112ef,65316b9e0e0255000101d8e3
d5da5221-53c2-4134-b20b-7fc49db112ef,65316c800e0255000101d8e4
d5da5221-53c2-4134-b20b-7fc49db112ef,65316f170e0255000101d8e5
d5da5221-53c2-4134-b20b-7fc49db112ef,65316f1c0e0255000101d8e6
d5da5221-53c2-4134-b20b-7fc49db112ef,65316f1e0e0255000101d8e7
d5da5221-53c2-4134-b20b-7fc49db112ef,65316f3d0e0255000101d8e8
d5da5221-53c2-4134-b20b-7fc49db112ef,65316fb10e0255000101d8e9
d5da5221-53c2-4134-b20b-7fc49db112ef,653170510e0255000101d8ea
d5da5221-53c2-4134-b20b-7fc49db112ef,653170c40e0255000101d8eb
d5da5221-53c2-4134-b20b-7fc49db112ef,6531a3d99977ad0001e0bd79
d5da5221-53c2-4134-b20b-7fc49db112ef,6531a3d99977ad0001e0bd7a
d5da5221-53c2-4134-b20b-7fc49db112ef,6531a3d99977ad0001e0bd7b
d5da5221-53c2-4134-b20b-7fc49db112ef,6531a7509977ad0001e0bd7c
d5da5221-53c2-4134-b20b-7fc49db112ef,6531a7559977ad0001e0bd7d
d5da5221-53c2-4134-b20b-7fc49db112ef,6531a75d9977ad0001e0bd7e
d5da5221-53c2-4134-b20b-7fc49db112ef,6531aad59977ad0001e0bd7f
d5da5221-53c2-4134-b20b-7fc49db112ef,6531aad99977ad0001e0bd80
d5da5221-53c2-4134-b20b-7fc49db112ef,6531aaec9977ad0001e0bd81
d5da5221-53c2-4134-b20b-7fc49db112ef,6531ae579977ad0001e0bd82
d5da5221-53c2-4134-b20b-7fc49db112ef,6531ae589977ad0001e0bd83
d5da5221-53c2-4134-b20b-7fc49db112ef,6531ae659977ad0001e0bd84
d5da5221-53c2-4134-b20b-7fc49db112ef,6531b0d69977ad0001e0bd85
d5da5221-53c2-4134-b20b-7fc49db112ef,6531b1e29977ad0001e0bd86
d5da5221-53c2-4134-b20b-7fc49db112ef,6531b1e39977ad0001e0bd87
d5da5221-53c2-4134-b20b-7fc49db112ef,6531b1e49977ad0001e0bd88
d5da5221-53c2-4134-b20b-7fc49db112ef,6531b3909977ad0001e0bd89
d5da5221-53c2-4134-b20b-7fc49db112ef,6531b55b9977ad0001e0bd8a
d5da5221-53c2-4134-b20b-7fc49db112ef,6531b55d9977ad0001e0bd8b
d5da5221-53c2-4134-b20b-7fc49db112ef,6531b5619977ad0001e0bd8c
d5da5221-53c2-4134-b20b-7fc49db112ef,6531b6709977ad0001e0bd8d
d5da5221-53c2-4134-b20b-7fc49db112ef,6531b8b19977ad0001e0bd8e
d5da5221-53c2-4134-b20b-7fc49db112ef,6531b8e59977ad0001e0bd8f
d5da5221-53c2-4134-b20b-7fc49db112ef,6531b8e69977ad0001e0bd90
d5da5221-53c2-4134-b20b-7fc49db112ef,6531b8ee9977ad0001e0bd91
d5da5221-53c2-4134-b20b-7fc49db112ef,6531bb659977ad0001e0bd92
d5da5221-53c2-4134-b20b-7fc49db112ef,6531bc699977ad0001e0bd93
d5da5221-53c2-4134-b20b-7fc49db112ef,6531bc6b9977ad0001e0bd94
d5da5221-53c2-4134-b20b-7fc49db112ef,6531bc6b9977ad0001e0bd95
d5da5221-53c2-4134-b20b-7fc49db112ef,6531be199977ad0001e0bd96
d5da5221-53c2-4134-b20b-7fc49db112ef,6531bff39977ad0001e0bd98
d5da5221-53c2-4134-b20b-7fc49db112ef,6531bff39977ad0001e0bd97
d5da5221-53c2-4134-b20b-7fc49db112ef,6531bff79977ad0001e0bd99
d5da5221-53c2-4134-b20b-7fc49db112ef,6531c0cf9977ad0001e0bd9a
d5da5221-53c2-4134-b20b-7fc49db112ef,6531c3719977ad0001e0bd9b
d5da5221-53c2-4134-b20b-7fc49db112ef,6531c3779977ad0001e0bd9c
d5da5221-53c2-4134-b20b-7fc49db112ef,6531c3799977ad0001e0bd9d
d5da5221-53c2-4134-b20b-7fc49db112ef,6531c3899977ad0001e0bd9e
d5da5221-53c2-4134-b20b-7fc49db112ef,6531c6429977ad0001e0bd9f
d5da5221-53c2-4134-b20b-7fc49db112ef,6531c6f99977ad0001e0bda0
d5da5221-53c2-4134-b20b-7fc49db112ef,6531c6f99977ad0001e0bda1
d5da5221-53c2-4134-b20b-7fc49db112ef,6531c71d9977ad0001e0bda2
d5da5221-53c2-4134-b20b-7fc49db112ef,6531c9019977ad0001e0bda3
d5da5221-53c2-4134-b20b-7fc49db112ef,6531c9809977ad0001e0bda4
d5da5221-53c2-4134-b20b-7fc49db112ef,6531ca7f9977ad0001e0bda5
d5da5221-53c2-4134-b20b-7fc49db112ef,6531ca829977ad0001e0bda6
d5da5221-53c2-4134-b20b-7fc49db112ef,6531ca839977ad0001e0bda7
d5da5221-53c2-4134-b20b-7fc49db112ef,6531cbba9977ad0001e0bda8
d5da5221-53c2-4134-b20b-7fc49db112ef,6531cdfd9977ad0001e0bda9
d5da5221-53c2-4134-b20b-7fc49db112ef,6531ce019977ad0001e0bdaa
d5da5221-53c2-4134-b20b-7fc49db112ef,6531ce6e9977ad0001e0bdab
428e0ca8-2d0f-472a-93f4-ed715d3e1a38,6531cf1c9977ad0001e0bdac
d5da5221-53c2-4134-b20b-7fc49db112ef,6531d1259977ad0001e0bdad
d5da5221-53c2-4134-b20b-7fc49db112ef,6531d1769977ad0001e0bdae
d5da5221-53c2-4134-b20b-7fc49db112ef,6531d1959977ad0001e0bdaf
d5da5221-53c2-4134-b20b-7fc49db112ef,6531d1979977ad0001e0bdb0
d5da5221-53c2-4134-b20b-7fc49db112ef,6531d3da9977ad0001e0bdb1
d5da5221-53c2-4134-b20b-7fc49db112ef,6531d4fc9977ad0001e0bdb2
d5da5221-53c2-4134-b20b-7fc49db112ef,6531d5039977ad0001e0bdb3
d5da5221-53c2-4134-b20b-7fc49db112ef,6531d5059977ad0001e0bdb4
d5da5221-53c2-4134-b20b-7fc49db112ef,6531d68d9977ad0001e0bdb5
d5da5221-53c2-4134-b20b-7fc49db112ef,6531d8859977ad0001e0bdb6
d5da5221-53c2-4134-b20b-7fc49db112ef,6531d8899977ad0001e0bdb7
d5da5221-53c2-4134-b20b-7fc49db112ef,6531d8899977ad0001e0bdb8
d5da5221-53c2-4134-b20b-7fc49db112ef,6531d9419977ad0001e0bdb9
d5da5221-53c2-4134-b20b-7fc49db112ef,6531dbf89977ad0001e0bdba
d5da5221-53c2-4134-b20b-7fc49db112ef,6531dc039977ad0001e0bdbc
d5da5221-53c2-4134-b20b-7fc49db112ef,6531dc039977ad0001e0bdbb
d5da5221-53c2-4134-b20b-7fc49db112ef,6531dc089977ad0001e0bdbd
d5da5221-53c2-4134-b20b-7fc49db112ef,6531deab9977ad0001e0bdbe
d5da5221-53c2-4134-b20b-7fc49db112ef,6531df889977ad0001e0bdbf
d5da5221-53c2-4134-b20b-7fc49db112ef,65315a060e0255000101d8cd
d5da5221-53c2-4134-b20b-7fc49db112ef,65315a060e0255000101d8cc
d5da5221-53c2-4134-b20b-7fc49db112ef,65315c170e0255000101d8ce
d5da5221-53c2-4134-b20b-7fc49db112ef,65315d8b0e0255000101d8cf
d5da5221-53c2-4134-b20b-7fc49db112ef,65315d900e0255000101d8d0
d5da5221-53c2-4134-b20b-7fc49db112ef,65315d910e0255000101d8d1
79d5e574-3186-4b8d-a7ff-3c797bcf0740,65315e870e0255000101d8d2
d5da5221-53c2-4134-b20b-7fc49db112ef,65315ed30e0255000101d8d3
d5da5221-53c2-4134-b20b-7fc49db112ef,653161040e0255000101d8d4
d5da5221-53c2-4134-b20b-7fc49db112ef,653161090e0255000101d8d5
d5da5221-53c2-4134-b20b-7fc49db112ef,6531610f0e0255000101d8d6
d5da5221-53c2-4134-b20b-7fc49db112ef,653161900e0255000101d8d7
d5da5221-53c2-4134-b20b-7fc49db112ef,653164500e0255000101d8d8
d5da5221-53c2-4134-b20b-7fc49db112ef,653164850e0255000101d8da
d5da5221-53c2-4134-b20b-7fc49db112ef,653164850e0255000101d8d9
d5da5221-53c2-4134-b20b-7fc49db112ef,653164870e0255000101d8db
d5da5221-53c2-4134-b20b-7fc49db112ef,6531670c0e0255000101d8dc
d5da5221-53c2-4134-b20b-7fc49db112ef,653168080e0255000101d8dd
d5da5221-53c2-4134-b20b-7fc49db112ef,6531681a0e0255000101d8de
d5da5221-53c2-4134-b20b-7fc49db112ef,6531684b0e0255000101d8df
d5da5221-53c2-4134-b20b-7fc49db112ef,653169c70e0255000101d8e0
d5da5221-53c2-4134-b20b-7fc49db112ef,65316b940e0255000101d8e1
d5da5221-53c2-4134-b20b-7fc49db112ef,65316b950e0255000101d8e2
d5da5221-53c2-4134-b20b-7fc49db112ef,65316b9e0e0255000101d8e3
d5da5221-53c2-4134-b20b-7fc49db112ef,65316c800e0255000101d8e4
d5da5221-53c2-4134-b20b-7fc49db112ef,65316f170e0255000101d8e5
d5da5221-53c2-4134-b20b-7fc49db112ef,65316f1c0e0255000101d8e6
d5da5221-53c2-4134-b20b-7fc49db112ef,65316f1e0e0255000101d8e7
d5da5221-53c2-4134-b20b-7fc49db112ef,65316f3d0e0255000101d8e8
d5da5221-53c2-4134-b20b-7fc49db112ef,65316fb10e0255000101d8e9
d5da5221-53c2-4134-b20b-7fc49db112ef,653170510e0255000101d8ea
d5da5221-53c2-4134-b20b-7fc49db112ef,653170c40e0255000101d8eb
d5da5221-53c2-4134-b20b-7fc49db112ef,6531a3d99977ad0001e0bd79
d5da5221-53c2-4134-b20b-7fc49db112ef,6531a3d99977ad0001e0bd7a
d5da5221-53c2-4134-b20b-7fc49db112ef,6531a3d99977ad0001e0bd7b
d5da5221-53c2-4134-b20b-7fc49db112ef,6531a7509977ad0001e0bd7c
d5da5221-53c2-4134-b20b-7fc49db112ef,6531a7559977ad0001e0bd7d
d5da5221-53c2-4134-b20b-7fc49db112ef,6531a75d9977ad0001e0bd7e
d5da5221-53c2-4134-b20b-7fc49db112ef,6531aad59977ad0001e0bd7f
d5da5221-53c2-4134-b20b-7fc49db112ef,6531aad99977ad0001e0bd80
d5da5221-53c2-4134-b20b-7fc49db112ef,6531aaec9977ad0001e0bd81
d5da5221-53c2-4134-b20b-7fc49db112ef,6531ae579977ad0001e0bd82
d5da5221-53c2-4134-b20b-7fc49db112ef,6531ae589977ad0001e0bd83
d5da5221-53c2-4134-b20b-7fc49db112ef,6531ae659977ad0001e0bd84
d5da5221-53c2-4134-b20b-7fc49db112ef,6531b0d69977ad0001e0bd85
d5da5221-53c2-4134-b20b-7fc49db112ef,6531b1e29977ad0001e0bd86
d5da5221-53c2-4134-b20b-7fc49db112ef,6531b1e39977ad0001e0bd87
d5da5221-53c2-4134-b20b-7fc49db112ef,6531b1e49977ad0001e0bd88
d5da5221-53c2-4134-b20b-7fc49db112ef,6531b3909977ad0001e0bd89
d5da5221-53c2-4134-b20b-7fc49db112ef,6531b55b9977ad0001e0bd8a
d5da5221-53c2-4134-b20b-7fc49db112ef,6531b55d9977ad0001e0bd8b
d5da5221-53c2-4134-b20b-7fc49db112ef,6531b5619977ad0001e0bd8c
d5da5221-53c2-4134-b20b-7fc49db112ef,6531b6709977ad0001e0bd8d
d5da5221-53c2-4134-b20b-7fc49db112ef,6531b8b19977ad0001e0bd8e
d5da5221-53c2-4134-b20b-7fc49db112ef,6531b8e59977ad0001e0bd8f
d5da5221-53c2-4134-b20b-7fc49db112ef,6531b8e69977ad0001e0bd90
d5da5221-53c2-4134-b20b-7fc49db112ef,6531b8ee9977ad0001e0bd91
d5da5221-53c2-4134-b20b-7fc49db112ef,6531bb659977ad0001e0bd92
d5da5221-53c2-4134-b20b-7fc49db112ef,6531bc699977ad0001e0bd93
d5da5221-53c2-4134-b20b-7fc49db112ef,6531bc6b9977ad0001e0bd94
d5da5221-53c2-4134-b20b-7fc49db112ef,6531bc6b9977ad0001e0bd95
d5da5221-53c2-4134-b20b-7fc49db112ef,6531be199977ad0001e0bd96
d5da5221-53c2-4134-b20b-7fc49db112ef,6531bff39977ad0001e0bd98
d5da5221-53c2-4134-b20b-7fc49db112ef,6531bff39977ad0001e0bd97
d5da5221-53c2-4134-b20b-7fc49db112ef,6531bff79977ad0001e0bd99
d5da5221-53c2-4134-b20b-7fc49db112ef,6531c0cf9977ad0001e0bd9a
d5da5221-53c2-4134-b20b-7fc49db112ef,6531c3719977ad0001e0bd9b
d5da5221-53c2-4134-b20b-7fc49db112ef,6531c3779977ad0001e0bd9c
d5da5221-53c2-4134-b20b-7fc49db112ef,6531c3799977ad0001e0bd9d
